datum gepubliceerd,dossier nr,dossier toevoeging,kamerstuk ondernummer,url
2015-01-08,29279,,221,https://zoek.officielebekendmakingen.nl/kst-29279-221
2015-01-08,29984,,575,https://zoek.officielebekendmakingen.nl/kst-29984-575
2015-01-13,25883,,246,https://zoek.officielebekendmakingen.nl/kst-25883-246
2015-01-13,21501,02,1449,https://zoek.officielebekendmakingen.nl/kst-21501-02-1449
2015-01-13,29538,,174,https://zoek.officielebekendmakingen.nl/kst-29538-174
2015-01-13,31757,,58,https://zoek.officielebekendmakingen.nl/kst-31757-58
2015-01-13,33997,,27,https://zoek.officielebekendmakingen.nl/kst-33997-27
2015-01-15,34000,IV,31,https://zoek.officielebekendmakingen.nl/kst-34000-IV-31
2015-01-19,34000,VII,39,https://zoek.officielebekendmakingen.nl/kst-34000-VII-39
2015-01-19,24095,,379,https://zoek.officielebekendmakingen.nl/kst-24095-379
2015-01-19,27923,,198,https://zoek.officielebekendmakingen.nl/kst-27923-198
2015-01-19,32824,,86,https://zoek.officielebekendmakingen.nl/kst-32824-86
2015-01-19,31568,,149,https://zoek.officielebekendmakingen.nl/kst-31568-149
2015-01-20,29838,,79,https://zoek.officielebekendmakingen.nl/kst-29838-79
2015-01-20,33977,,5,https://zoek.officielebekendmakingen.nl/kst-33977-5
2015-01-20,21501,32,822,https://zoek.officielebekendmakingen.nl/kst-21501-32-822
2015-01-20,32637,,163,https://zoek.officielebekendmakingen.nl/kst-32637-163
2015-01-20,32847,,149,https://zoek.officielebekendmakingen.nl/kst-32847-149
2015-01-22,32279,,67,https://zoek.officielebekendmakingen.nl/kst-32279-67
2015-01-22,30545,,150,https://zoek.officielebekendmakingen.nl/kst-30545-150
2015-01-22,32647,,40,https://zoek.officielebekendmakingen.nl/kst-32647-40
2015-01-22,21501,02,1450,https://zoek.officielebekendmakingen.nl/kst-21501-02-1450
2015-01-22,31322,,267,https://zoek.officielebekendmakingen.nl/kst-31322-267
2015-01-26,33858,,32,https://zoek.officielebekendmakingen.nl/kst-33858-32
2015-01-26,33920,,12,https://zoek.officielebekendmakingen.nl/kst-33920-12
2015-01-29,21501,07,1231,https://zoek.officielebekendmakingen.nl/kst-21501-07-1231
2015-02-04,29544,,585,https://zoek.officielebekendmakingen.nl/kst-29544-585
2015-02-04,27859,,74,https://zoek.officielebekendmakingen.nl/kst-27859-74
2015-02-09,33268,,27,https://zoek.officielebekendmakingen.nl/kst-33268-27
2015-02-09,29453,,365,https://zoek.officielebekendmakingen.nl/kst-29453-365
2015-02-09,33876,,6,https://zoek.officielebekendmakingen.nl/kst-33876-6
2015-02-09,33436,,41,https://zoek.officielebekendmakingen.nl/kst-33436-41
2015-02-09,32317,,267,https://zoek.officielebekendmakingen.nl/kst-32317-267
2015-02-09,29521,,280,https://zoek.officielebekendmakingen.nl/kst-29521-280
2015-02-09,21501,33,522,https://zoek.officielebekendmakingen.nl/kst-21501-33-522
2015-02-09,25295,,25,https://zoek.officielebekendmakingen.nl/kst-25295-25
2015-02-10,32637,,167,https://zoek.officielebekendmakingen.nl/kst-32637-167
2015-02-10,32317,,268,https://zoek.officielebekendmakingen.nl/kst-32317-268
2015-02-10,21501,33,523,https://zoek.officielebekendmakingen.nl/kst-21501-33-523
2015-02-10,21501,04,167,https://zoek.officielebekendmakingen.nl/kst-21501-04-167
2015-02-10,32336,,40,https://zoek.officielebekendmakingen.nl/kst-32336-40
2015-02-10,29521,,282,https://zoek.officielebekendmakingen.nl/kst-29521-282
2015-02-10,27858,,297,https://zoek.officielebekendmakingen.nl/kst-27858-297
2015-02-11,24077,,342,https://zoek.officielebekendmakingen.nl/kst-24077-342
2015-02-11,21501,08,547,https://zoek.officielebekendmakingen.nl/kst-21501-08-547
2015-02-15,29521,,286,https://zoek.officielebekendmakingen.nl/kst-29521-286
2015-02-16,22054,,259,https://zoek.officielebekendmakingen.nl/kst-22054-259
2015-02-16,22831,,104,https://zoek.officielebekendmakingen.nl/kst-22831-104
2015-02-16,31936,,257,https://zoek.officielebekendmakingen.nl/kst-31936-257
2015-02-16,32013,,94,https://zoek.officielebekendmakingen.nl/kst-32013-94
2015-02-16,28807,,186,https://zoek.officielebekendmakingen.nl/kst-28807-186
2015-02-17,31497,,149,https://zoek.officielebekendmakingen.nl/kst-31497-149
2015-02-17,31532,,147,https://zoek.officielebekendmakingen.nl/kst-31532-147
2015-02-17,34000,IV,34,https://zoek.officielebekendmakingen.nl/kst-34000-IV-34
2015-02-17,25928,,71,https://zoek.officielebekendmakingen.nl/kst-25928-71
2015-02-17,21501,02,1456,https://zoek.officielebekendmakingen.nl/kst-21501-02-1456
2015-02-17,34104,,18,https://zoek.officielebekendmakingen.nl/kst-34104-18
2015-02-17,30169,,39,https://zoek.officielebekendmakingen.nl/kst-30169-39
2015-02-17,26488,,371,https://zoek.officielebekendmakingen.nl/kst-26488-371
2015-02-17,29325,,72,https://zoek.officielebekendmakingen.nl/kst-29325-72
2015-02-17,27926,,244,https://zoek.officielebekendmakingen.nl/kst-27926-244
2015-02-17,22452,,43,https://zoek.officielebekendmakingen.nl/kst-22452-43
2015-02-17,21501,02,1457,https://zoek.officielebekendmakingen.nl/kst-21501-02-1457
2015-02-17,27925,,529,https://zoek.officielebekendmakingen.nl/kst-27925-529
2015-02-17,32299,,40,https://zoek.officielebekendmakingen.nl/kst-32299-40
2015-02-17,29521,,285,https://zoek.officielebekendmakingen.nl/kst-29521-285
2015-02-17,32660,,62,https://zoek.officielebekendmakingen.nl/kst-32660-62
2015-02-17,23987,,151,https://zoek.officielebekendmakingen.nl/kst-23987-151
2015-02-26,31460,,52,https://zoek.officielebekendmakingen.nl/kst-31460-52
2015-02-26,21501,02,1460,https://zoek.officielebekendmakingen.nl/kst-21501-02-1460
2015-02-26,32820,,130,https://zoek.officielebekendmakingen.nl/kst-32820-130
2015-02-26,32175,,55,https://zoek.officielebekendmakingen.nl/kst-32175-55
2015-02-26,34000,IX,23,https://zoek.officielebekendmakingen.nl/kst-34000-IX-23
2015-03-02,27925,,531,https://zoek.officielebekendmakingen.nl/kst-27925-531
2015-03-02,31293,,245,https://zoek.officielebekendmakingen.nl/kst-31293-245
2015-03-02,24587,,615,https://zoek.officielebekendmakingen.nl/kst-24587-615
2015-03-02,31409,,73,https://zoek.officielebekendmakingen.nl/kst-31409-73
2015-03-03,21501,02,1463,https://zoek.officielebekendmakingen.nl/kst-21501-02-1463
2015-03-03,21501,32,831,https://zoek.officielebekendmakingen.nl/kst-21501-32-831
2015-03-03,21501,07,1242,https://zoek.officielebekendmakingen.nl/kst-21501-07-1242
2015-03-03,21501,32,832,https://zoek.officielebekendmakingen.nl/kst-21501-32-832
2015-03-03,32847,,153,https://zoek.officielebekendmakingen.nl/kst-32847-153
2015-03-03,30196,,297,https://zoek.officielebekendmakingen.nl/kst-30196-297
2015-03-05,26643,,354,https://zoek.officielebekendmakingen.nl/kst-26643-354
2015-03-05,25424,,266,https://zoek.officielebekendmakingen.nl/kst-25424-266
2015-03-05,33450,,29,https://zoek.officielebekendmakingen.nl/kst-33450-29
2015-03-10,33763,,76,https://zoek.officielebekendmakingen.nl/kst-33763-76
2015-03-10,33997,,36,https://zoek.officielebekendmakingen.nl/kst-33997-36
2015-03-10,30012,,51,https://zoek.officielebekendmakingen.nl/kst-30012-51
2015-03-11,31839,,463,https://zoek.officielebekendmakingen.nl/kst-31839-463
2015-03-11,28676,,221,https://zoek.officielebekendmakingen.nl/kst-28676-221
2015-03-11,28638,,131,https://zoek.officielebekendmakingen.nl/kst-28638-131
2015-03-12,21501,02,1467,https://zoek.officielebekendmakingen.nl/kst-21501-02-1467
2015-03-12,31322,,273,https://zoek.officielebekendmakingen.nl/kst-31322-273
2015-03-12,29452,,189,https://zoek.officielebekendmakingen.nl/kst-29452-189
2015-03-12,21501,02,1466,https://zoek.officielebekendmakingen.nl/kst-21501-02-1466
2015-03-13,30196,,299,https://zoek.officielebekendmakingen.nl/kst-30196-299
2015-03-13,32824,,89,https://zoek.officielebekendmakingen.nl/kst-32824-89
2015-03-13,30079,,57,https://zoek.officielebekendmakingen.nl/kst-30079-57
2015-03-13,32043,,256,https://zoek.officielebekendmakingen.nl/kst-32043-256
2015-03-16,29911,,99,https://zoek.officielebekendmakingen.nl/kst-29911-99
2015-03-16,31332,,50,https://zoek.officielebekendmakingen.nl/kst-31332-50
2015-03-16,32013,,97,https://zoek.officielebekendmakingen.nl/kst-32013-97
2015-03-16,19637,,1955,https://zoek.officielebekendmakingen.nl/kst-19637-1955
2015-03-19,19637,,1956,https://zoek.officielebekendmakingen.nl/kst-19637-1956
2015-03-19,29338,,144,https://zoek.officielebekendmakingen.nl/kst-29338-144
2015-03-19,30111,,84,https://zoek.officielebekendmakingen.nl/kst-30111-84
2015-03-24,21501,28,124,https://zoek.officielebekendmakingen.nl/kst-21501-28-124
2015-03-24,32847,,164,https://zoek.officielebekendmakingen.nl/kst-32847-164
2015-03-24,32620,,152,https://zoek.officielebekendmakingen.nl/kst-32620-152
2015-03-24,32805,,36,https://zoek.officielebekendmakingen.nl/kst-32805-36
2015-03-24,29282,,219,https://zoek.officielebekendmakingen.nl/kst-29282-219
2015-03-26,21501,30,346,https://zoek.officielebekendmakingen.nl/kst-21501-30-346
2015-03-26,29628,,512,https://zoek.officielebekendmakingen.nl/kst-29628-512
2015-03-26,29398,,458,https://zoek.officielebekendmakingen.nl/kst-29398-458
2015-03-26,29521,,289,https://zoek.officielebekendmakingen.nl/kst-29521-289
2015-03-26,31765,,125,https://zoek.officielebekendmakingen.nl/kst-31765-125
2015-03-26,31209,,169,https://zoek.officielebekendmakingen.nl/kst-31209-169
2015-03-26,25657,,147,https://zoek.officielebekendmakingen.nl/kst-25657-147
2015-03-26,29544,,592,https://zoek.officielebekendmakingen.nl/kst-29544-592
2015-03-30,26485,,201,https://zoek.officielebekendmakingen.nl/kst-26485-201
2015-03-30,29517,,95,https://zoek.officielebekendmakingen.nl/kst-29517-95
2015-03-30,33625,,151,https://zoek.officielebekendmakingen.nl/kst-33625-151
2015-03-30,21501,33,536,https://zoek.officielebekendmakingen.nl/kst-21501-33-536
2015-03-30,32793,,171,https://zoek.officielebekendmakingen.nl/kst-32793-171
2015-03-30,17050,,502,https://zoek.officielebekendmakingen.nl/kst-17050-502
2015-03-31,29544,,593,https://zoek.officielebekendmakingen.nl/kst-29544-593
2015-03-31,33279,,14,https://zoek.officielebekendmakingen.nl/kst-33279-14
2015-03-31,24202,,33,https://zoek.officielebekendmakingen.nl/kst-24202-33
2015-03-31,21501,07,1247,https://zoek.officielebekendmakingen.nl/kst-21501-07-1247
2015-04-01,26642,,132,https://zoek.officielebekendmakingen.nl/kst-26642-132
2015-04-01,29924,,121,https://zoek.officielebekendmakingen.nl/kst-29924-121
2015-04-01,30545,,153,https://zoek.officielebekendmakingen.nl/kst-30545-153
2015-04-07,21501,08,558,https://zoek.officielebekendmakingen.nl/kst-21501-08-558
2015-04-07,21501,02,1473,https://zoek.officielebekendmakingen.nl/kst-21501-02-1473
2015-04-07,26488,,384,https://zoek.officielebekendmakingen.nl/kst-26488-384
2015-04-07,28286,,800,https://zoek.officielebekendmakingen.nl/kst-28286-800
2015-04-09,19637,,1986,https://zoek.officielebekendmakingen.nl/kst-19637-1986
2015-04-09,29407,,200,https://zoek.officielebekendmakingen.nl/kst-29407-200
2015-04-09,33900,,12,
2015-04-09,32670,,97,https://zoek.officielebekendmakingen.nl/kst-32670-97
2015-04-13,32637,,176,https://zoek.officielebekendmakingen.nl/kst-32637-176
2015-04-13,22112,,1954,https://zoek.officielebekendmakingen.nl/kst-22112-1954
2015-04-13,25657,,158,https://zoek.officielebekendmakingen.nl/kst-25657-158
2015-04-13,28140,,86,https://zoek.officielebekendmakingen.nl/kst-28140-86
2015-04-23,31568,,164,https://zoek.officielebekendmakingen.nl/kst-31568-164
2015-04-28,21501,02,1486,https://zoek.officielebekendmakingen.nl/kst-21501-02-1486
2015-04-28,32847,,167,https://zoek.officielebekendmakingen.nl/kst-32847-167
2015-04-28,24095,,381,https://zoek.officielebekendmakingen.nl/kst-24095-381
2015-04-28,21501,02,1487,https://zoek.officielebekendmakingen.nl/kst-21501-02-1487
2015-04-29,29689,,608,https://zoek.officielebekendmakingen.nl/kst-29689-608
2015-04-29,31765,,139,https://zoek.officielebekendmakingen.nl/kst-31765-139
2015-04-29,31839,,471,https://zoek.officielebekendmakingen.nl/kst-31839-471
2015-04-30,21501,32,836,https://zoek.officielebekendmakingen.nl/kst-21501-32-836
2015-04-30,30420,,223,https://zoek.officielebekendmakingen.nl/kst-30420-223
2015-05-01,21501,04,171,https://zoek.officielebekendmakingen.nl/kst-21501-04-171
2015-05-01,27830,,152,https://zoek.officielebekendmakingen.nl/kst-27830-152
2015-05-01,29984,,600,https://zoek.officielebekendmakingen.nl/kst-29984-600
2015-05-01,29477,,326,https://zoek.officielebekendmakingen.nl/kst-29477-326
2015-05-01,31490,,171,https://zoek.officielebekendmakingen.nl/kst-31490-171
2015-05-01,25657,,169,https://zoek.officielebekendmakingen.nl/kst-25657-169
2015-05-01,34000,X,85,https://zoek.officielebekendmakingen.nl/kst-34000-X-85
2015-05-06,33870,,4,https://zoek.officielebekendmakingen.nl/kst-33870-4
2015-05-06,31497,,168,https://zoek.officielebekendmakingen.nl/kst-31497-168
2015-05-06,21501,02,1494,https://zoek.officielebekendmakingen.nl/kst-21501-02-1494
2015-05-21,34000,IV,48,https://zoek.officielebekendmakingen.nl/kst-34000-IV-48
2015-05-21,29628,,532,https://zoek.officielebekendmakingen.nl/kst-29628-532
2015-05-21,28345,,133,https://zoek.officielebekendmakingen.nl/kst-28345-133
2015-05-21,31239,,189,https://zoek.officielebekendmakingen.nl/kst-31239-189
2015-05-21,29270,,104,https://zoek.officielebekendmakingen.nl/kst-29270-104
2015-05-21,29279,,242,https://zoek.officielebekendmakingen.nl/kst-29279-242
2015-05-21,34033,,4,https://zoek.officielebekendmakingen.nl/kst-34033-4
2015-05-21,24515,,305,https://zoek.officielebekendmakingen.nl/kst-24515-305
2015-05-21,31568,,160,https://zoek.officielebekendmakingen.nl/kst-31568-160
2015-05-26,26643,,358,https://zoek.officielebekendmakingen.nl/kst-26643-358
2015-05-26,29023,,195,https://zoek.officielebekendmakingen.nl/kst-29023-195
2015-05-26,32637,,182,https://zoek.officielebekendmakingen.nl/kst-32637-182
2015-05-26,29247,,210,https://zoek.officielebekendmakingen.nl/kst-29247-210
2015-05-26,29453,,384,https://zoek.officielebekendmakingen.nl/kst-29453-384
2015-05-26,30950,,77,https://zoek.officielebekendmakingen.nl/kst-30950-77
2015-05-27,32300,,10,https://zoek.officielebekendmakingen.nl/kst-32300-10
2015-05-27,21501,32,842,https://zoek.officielebekendmakingen.nl/kst-21501-32-842
2015-05-27,30196,,315,https://zoek.officielebekendmakingen.nl/kst-30196-315
2015-05-27,33650,,48,https://zoek.officielebekendmakingen.nl/kst-33650-48
2015-05-28,32605,,165,https://zoek.officielebekendmakingen.nl/kst-32605-165
2015-05-28,26448,,535,https://zoek.officielebekendmakingen.nl/kst-26448-535
2015-05-28,21501,02,1504,https://zoek.officielebekendmakingen.nl/kst-21501-02-1504
2015-05-28,32852,,26,https://zoek.officielebekendmakingen.nl/kst-32852-26
2015-05-28,29279,,243,https://zoek.officielebekendmakingen.nl/kst-29279-243
2015-05-28,17050,,505,https://zoek.officielebekendmakingen.nl/kst-17050-505
2015-06-04,29507,,136,https://zoek.officielebekendmakingen.nl/kst-29507-136
2015-06-04,29544,,619,https://zoek.officielebekendmakingen.nl/kst-29544-619
2015-06-04,33321,,6,https://zoek.officielebekendmakingen.nl/kst-33321-6
2015-06-04,32670,,99,https://zoek.officielebekendmakingen.nl/kst-32670-99
2015-06-08,28684,,442,https://zoek.officielebekendmakingen.nl/kst-28684-442
2015-06-08,32852,,27,https://zoek.officielebekendmakingen.nl/kst-32852-27
2015-06-08,34000,VI,87,
2015-06-08,28345,,134,https://zoek.officielebekendmakingen.nl/kst-28345-134
2015-06-10,29628,,533,https://zoek.officielebekendmakingen.nl/kst-29628-533
2015-06-10,22112,,1976,https://zoek.officielebekendmakingen.nl/kst-22112-1976
2015-06-10,34000,VII,47,https://zoek.officielebekendmakingen.nl/kst-34000-VII-47
2015-06-10,27925,,537,https://zoek.officielebekendmakingen.nl/kst-27925-537
2015-06-10,34000,VI,88,https://zoek.officielebekendmakingen.nl/kst-34000-VI-88
2015-06-15,29924,,125,https://zoek.officielebekendmakingen.nl/kst-29924-125
2015-06-15,33829,,10,https://zoek.officielebekendmakingen.nl/kst-33829-10
2015-06-15,33625,,166,https://zoek.officielebekendmakingen.nl/kst-33625-166
2015-06-15,21501,07,1265,https://zoek.officielebekendmakingen.nl/kst-21501-07-1265
2015-06-15,21501,07,1266,https://zoek.officielebekendmakingen.nl/kst-21501-07-1266
2015-06-15,33783,,20,https://zoek.officielebekendmakingen.nl/kst-33783-20
2015-06-16,29984,,606,https://zoek.officielebekendmakingen.nl/kst-29984-606
2015-06-16,26695,,103,https://zoek.officielebekendmakingen.nl/kst-26695-103
2015-06-17,29544,,623,https://zoek.officielebekendmakingen.nl/kst-29544-623
2015-06-18,29689,,642,https://zoek.officielebekendmakingen.nl/kst-29689-642
2015-06-18,34000,XVI,110,https://zoek.officielebekendmakingen.nl/kst-34000-XVI-110
2015-06-18,34000,,60,https://zoek.officielebekendmakingen.nl/kst-34000-60
2015-06-18,21501,02,1510,https://zoek.officielebekendmakingen.nl/kst-21501-02-1510
2015-07-01,21501,07,1273,https://zoek.officielebekendmakingen.nl/kst-21501-07-1273
2015-07-01,25657,,200,https://zoek.officielebekendmakingen.nl/kst-25657-200
2015-07-01,21501,28,128,https://zoek.officielebekendmakingen.nl/kst-21501-28-128
2015-07-01,29517,,102,https://zoek.officielebekendmakingen.nl/kst-29517-102
2015-07-07,21501,04,173,https://zoek.officielebekendmakingen.nl/kst-21501-04-173
2015-07-07,34000,VI,99,https://zoek.officielebekendmakingen.nl/kst-34000-VI-99
2015-07-07,33962,,179,https://zoek.officielebekendmakingen.nl/kst-33962-179
2015-07-07,29544,,639,https://zoek.officielebekendmakingen.nl/kst-29544-639
2015-07-07,22112,,1990,https://zoek.officielebekendmakingen.nl/kst-22112-1990
2015-07-20,25883,,255,https://zoek.officielebekendmakingen.nl/kst-25883-255
2015-07-20,34104,,69,https://zoek.officielebekendmakingen.nl/kst-34104-69
2015-07-20,34000,IV,47,https://zoek.officielebekendmakingen.nl/kst-34000-IV-47
2015-07-20,25424,,283,https://zoek.officielebekendmakingen.nl/kst-25424-283
2015-07-20,26643,,366,https://zoek.officielebekendmakingen.nl/kst-26643-366
2015-07-21,31521,,93,https://zoek.officielebekendmakingen.nl/kst-31521-93
2015-07-21,25834,,100,https://zoek.officielebekendmakingen.nl/kst-25834-100
2015-07-21,31066,,247,https://zoek.officielebekendmakingen.nl/kst-31066-247
2015-07-23,33716,,36,https://zoek.officielebekendmakingen.nl/kst-33716-36
2015-07-23,29398,,473,https://zoek.officielebekendmakingen.nl/kst-29398-473
2015-07-23,31293,,266,https://zoek.officielebekendmakingen.nl/kst-31293-266
2015-07-23,33576,,47,https://zoek.officielebekendmakingen.nl/kst-33576-47
2015-07-23,29247,,213,https://zoek.officielebekendmakingen.nl/kst-29247-213
2015-07-27,29754,,317,https://zoek.officielebekendmakingen.nl/kst-29754-317
2015-07-27,25087,,110,https://zoek.officielebekendmakingen.nl/kst-25087-110
2015-07-27,28684,,445,https://zoek.officielebekendmakingen.nl/kst-28684-445
2015-07-27,21501,07,1287,https://zoek.officielebekendmakingen.nl/kst-21501-07-1287
2015-07-27,32824,,104,https://zoek.officielebekendmakingen.nl/kst-32824-104
2015-07-28,21501,33,552,https://zoek.officielebekendmakingen.nl/kst-21501-33-552
2015-07-28,29653,,23,https://zoek.officielebekendmakingen.nl/kst-29653-23
2015-07-28,31936,,292,https://zoek.officielebekendmakingen.nl/kst-31936-292
2015-07-28,34002,,107,https://zoek.officielebekendmakingen.nl/kst-34002-107
2015-07-29,32847,,184,https://zoek.officielebekendmakingen.nl/kst-32847-184
2015-07-29,19637,,2025,https://zoek.officielebekendmakingen.nl/kst-19637-2025
2015-07-29,32605,,170,https://zoek.officielebekendmakingen.nl/kst-32605-170
2015-07-29,21501,32,851,https://zoek.officielebekendmakingen.nl/kst-21501-32-851
2015-07-30,33495,,80,https://zoek.officielebekendmakingen.nl/kst-33495-80
2015-07-30,33495,,79,https://zoek.officielebekendmakingen.nl/kst-33495-79
2015-07-30,34000,X,106,https://zoek.officielebekendmakingen.nl/kst-34000-X-106
2015-07-30,31490,,184,https://zoek.officielebekendmakingen.nl/kst-31490-184
2015-07-30,28760,,51,https://zoek.officielebekendmakingen.nl/kst-28760-51
2015-07-30,33495,,78,https://zoek.officielebekendmakingen.nl/kst-33495-78
2015-08-03,21501,02,1521,https://zoek.officielebekendmakingen.nl/kst-21501-02-1521
2015-08-03,32847,,185,https://zoek.officielebekendmakingen.nl/kst-32847-185
2015-08-03,32317,,316,https://zoek.officielebekendmakingen.nl/kst-32317-316
2015-08-03,27859,,80,https://zoek.officielebekendmakingen.nl/kst-27859-80
2015-08-03,29664,,132,https://zoek.officielebekendmakingen.nl/kst-29664-132
2015-08-03,33827,,6,https://zoek.officielebekendmakingen.nl/kst-33827-6
2015-08-04,32317,,317,https://zoek.officielebekendmakingen.nl/kst-32317-317
2015-08-04,27830,,156,https://zoek.officielebekendmakingen.nl/kst-27830-156
2015-08-04,33848,,17,https://zoek.officielebekendmakingen.nl/kst-33848-17
2015-08-04,31066,,248,https://zoek.officielebekendmakingen.nl/kst-31066-248
2015-08-04,29453,,399,https://zoek.officielebekendmakingen.nl/kst-29453-399
2015-08-04,33652,,35,https://zoek.officielebekendmakingen.nl/kst-33652-35
2015-08-04,21501,31,378,https://zoek.officielebekendmakingen.nl/kst-21501-31-378
2015-08-05,32637,,197,https://zoek.officielebekendmakingen.nl/kst-32637-197
2015-08-05,29477,,345,
2015-08-05,30234,,134,https://zoek.officielebekendmakingen.nl/kst-30234-134
2015-08-05,25268,,121,https://zoek.officielebekendmakingen.nl/kst-25268-121
2015-08-05,28676,,228,https://zoek.officielebekendmakingen.nl/kst-28676-228
2015-08-05,34024,,30,https://zoek.officielebekendmakingen.nl/kst-34024-30
2015-08-05,31289,,249,https://zoek.officielebekendmakingen.nl/kst-31289-249
2015-08-05,21501,07,1288,https://zoek.officielebekendmakingen.nl/kst-21501-07-1288
2015-08-05,27879,,53,https://zoek.officielebekendmakingen.nl/kst-27879-53
2015-08-06,24095,,390,https://zoek.officielebekendmakingen.nl/kst-24095-390
2015-08-06,31409,,89,https://zoek.officielebekendmakingen.nl/kst-31409-89
2015-08-06,31125,,60,https://zoek.officielebekendmakingen.nl/kst-31125-60
2015-08-06,34000,IV,50,https://zoek.officielebekendmakingen.nl/kst-34000-IV-50
2015-08-06,21501,31,379,https://zoek.officielebekendmakingen.nl/kst-21501-31-379
2015-08-06,21501,07,1289,https://zoek.officielebekendmakingen.nl/kst-21501-07-1289
2015-08-06,32012,,33,https://zoek.officielebekendmakingen.nl/kst-32012-33
2015-08-06,33826,,12,https://zoek.officielebekendmakingen.nl/kst-33826-12
2015-08-10,31765,,163,https://zoek.officielebekendmakingen.nl/kst-31765-163
2015-08-10,29754,,318,https://zoek.officielebekendmakingen.nl/kst-29754-318
2015-08-10,32820,,165,https://zoek.officielebekendmakingen.nl/kst-32820-165
2015-08-10,33625,,174,https://zoek.officielebekendmakingen.nl/kst-33625-174
2015-08-10,21501,02,1522,https://zoek.officielebekendmakingen.nl/kst-21501-02-1522
2015-08-10,34000,XVIII,25,https://zoek.officielebekendmakingen.nl/kst-34000-XVIII-25
2015-08-10,33043,,44,https://zoek.officielebekendmakingen.nl/kst-33043-44
2015-08-10,31765,,162,https://zoek.officielebekendmakingen.nl/kst-31765-162
2015-08-10,32620,,162,https://zoek.officielebekendmakingen.nl/kst-32620-162
2015-08-11,27925,,561,https://zoek.officielebekendmakingen.nl/kst-27925-561
2015-08-11,34000,A,77,https://zoek.officielebekendmakingen.nl/kst-34000-A-77
2015-08-11,27925,,560,https://zoek.officielebekendmakingen.nl/kst-27925-560
2015-08-11,21501,07,1290,https://zoek.officielebekendmakingen.nl/kst-21501-07-1290
2015-08-11,21501,07,1291,https://zoek.officielebekendmakingen.nl/kst-21501-07-1291
2015-08-11,31497,,175,https://zoek.officielebekendmakingen.nl/kst-31497-175
2015-08-11,29689,,643,https://zoek.officielebekendmakingen.nl/kst-29689-643
2015-08-12,29279,,270,https://zoek.officielebekendmakingen.nl/kst-29279-270
2015-08-12,33037,,158,https://zoek.officielebekendmakingen.nl/kst-33037-158
2015-08-12,29237,,166,https://zoek.officielebekendmakingen.nl/kst-29237-166
2015-08-12,34000,X,108,https://zoek.officielebekendmakingen.nl/kst-34000-X-108
2015-08-12,30545,,187,https://zoek.officielebekendmakingen.nl/kst-30545-187
2015-08-12,29911,,115,https://zoek.officielebekendmakingen.nl/kst-29911-115
2015-08-12,34214,,10,https://zoek.officielebekendmakingen.nl/kst-34214-10
2015-08-12,17050,,520,https://zoek.officielebekendmakingen.nl/kst-17050-520
2015-08-12,34139,,5,https://zoek.officielebekendmakingen.nl/kst-34139-5
2015-09-09,31239,,205,https://zoek.officielebekendmakingen.nl/kst-31239-205
2015-09-09,28286,,817,https://zoek.officielebekendmakingen.nl/kst-28286-817
2015-09-10,32011,,46,https://zoek.officielebekendmakingen.nl/kst-32011-46
2015-09-10,28165,,226,https://zoek.officielebekendmakingen.nl/kst-28165-226
2015-09-10,31710,,43,
2015-09-15,31288,,486,https://zoek.officielebekendmakingen.nl/kst-31288-486
2015-09-15,25268,,123,https://zoek.officielebekendmakingen.nl/kst-25268-123
2015-09-16,21501,28,130,https://zoek.officielebekendmakingen.nl/kst-21501-28-130
2015-09-24,32043,,280,https://zoek.officielebekendmakingen.nl/kst-32043-280
2015-09-24,21501,07,1309,https://zoek.officielebekendmakingen.nl/kst-21501-07-1309
2015-10-01,25657,,205,https://zoek.officielebekendmakingen.nl/kst-25657-205
2015-10-01,30806,,32,https://zoek.officielebekendmakingen.nl/kst-30806-32
2015-10-05,32820,,169,https://zoek.officielebekendmakingen.nl/kst-32820-169
2015-10-07,32800,,39,https://zoek.officielebekendmakingen.nl/kst-32800-39
2015-10-07,29517,,104,https://zoek.officielebekendmakingen.nl/kst-29517-104
2015-10-08,31865,,75,https://zoek.officielebekendmakingen.nl/kst-31865-75
2015-10-08,21501,02,1530,https://zoek.officielebekendmakingen.nl/kst-21501-02-1530
2015-10-08,20361,,169,https://zoek.officielebekendmakingen.nl/kst-20361-169
2015-10-08,34104,,89,https://zoek.officielebekendmakingen.nl/kst-34104-89
2015-10-13,34104,,82,https://zoek.officielebekendmakingen.nl/kst-34104-82
2015-10-15,33037,,163,https://zoek.officielebekendmakingen.nl/kst-33037-163
2015-10-29,32605,,172,https://zoek.officielebekendmakingen.nl/kst-32605-172
2015-10-29,29521,,300,https://zoek.officielebekendmakingen.nl/kst-29521-300
2015-10-29,26150,,146,https://zoek.officielebekendmakingen.nl/kst-26150-146
2015-10-29,21501,32,883,https://zoek.officielebekendmakingen.nl/kst-21501-32-883
2015-10-29,28286,,847,https://zoek.officielebekendmakingen.nl/kst-28286-847
2015-10-29,29984,,634,https://zoek.officielebekendmakingen.nl/kst-29984-634
2015-10-29,31322,,284,https://zoek.officielebekendmakingen.nl/kst-31322-284
2015-10-29,29924,,135,https://zoek.officielebekendmakingen.nl/kst-29924-135
2015-11-10,21501,08,592,https://zoek.officielebekendmakingen.nl/kst-21501-08-592
2015-11-10,21501,07,1319,https://zoek.officielebekendmakingen.nl/kst-21501-07-1319
2015-11-11,33822,,7,https://zoek.officielebekendmakingen.nl/kst-33822-7
2015-11-11,27428,,317,https://zoek.officielebekendmakingen.nl/kst-27428-317
2015-11-11,30950,,81,https://zoek.officielebekendmakingen.nl/kst-30950-81
2015-11-11,34002,,108,https://zoek.officielebekendmakingen.nl/kst-34002-108
2015-11-11,26448,,545,https://zoek.officielebekendmakingen.nl/kst-26448-545
2015-11-11,29818,,40,https://zoek.officielebekendmakingen.nl/kst-29818-40
2015-11-11,28345,,140,https://zoek.officielebekendmakingen.nl/kst-28345-140
2015-11-11,29861,,41,https://zoek.officielebekendmakingen.nl/kst-29861-41
2015-11-11,34213,,2,https://zoek.officielebekendmakingen.nl/kst-34213-2
2015-11-20,21501,02,1552,https://zoek.officielebekendmakingen.nl/kst-21501-02-1552
2015-11-20,28345,,141,https://zoek.officielebekendmakingen.nl/kst-28345-141
2015-11-20,21501,02,1551,https://zoek.officielebekendmakingen.nl/kst-21501-02-1551
2015-11-20,25295,,30,https://zoek.officielebekendmakingen.nl/kst-25295-30
2015-11-20,29538,,198,https://zoek.officielebekendmakingen.nl/kst-29538-198
2015-11-24,31839,,498,https://zoek.officielebekendmakingen.nl/kst-31839-498
2015-11-24,31936,,303,https://zoek.officielebekendmakingen.nl/kst-31936-303
2015-11-24,32317,,357,https://zoek.officielebekendmakingen.nl/kst-32317-357
2015-11-24,26956,,205,https://zoek.officielebekendmakingen.nl/kst-26956-205
2015-11-24,30175,,222,https://zoek.officielebekendmakingen.nl/kst-30175-222
2015-11-24,29544,,670,https://zoek.officielebekendmakingen.nl/kst-29544-670
2015-11-24,29279,,287,https://zoek.officielebekendmakingen.nl/kst-29279-287
2015-11-24,32605,,174,https://zoek.officielebekendmakingen.nl/kst-32605-174
2015-11-24,31288,,494,https://zoek.officielebekendmakingen.nl/kst-31288-494
2015-11-24,32013,,109,https://zoek.officielebekendmakingen.nl/kst-32013-109
2015-11-24,29689,,676,https://zoek.officielebekendmakingen.nl/kst-29689-676
2015-11-24,26488,,398,https://zoek.officielebekendmakingen.nl/kst-26488-398
2015-11-25,24515,,321,https://zoek.officielebekendmakingen.nl/kst-24515-321
2015-11-25,32317,,356,https://zoek.officielebekendmakingen.nl/kst-32317-356
2015-11-25,31289,,268,https://zoek.officielebekendmakingen.nl/kst-31289-268
2015-11-25,32793,,203,https://zoek.officielebekendmakingen.nl/kst-32793-203
2015-11-25,25883,,265,https://zoek.officielebekendmakingen.nl/kst-25883-265
2015-11-25,32156,,67,https://zoek.officielebekendmakingen.nl/kst-32156-67
2015-11-26,21501,02,1554,https://zoek.officielebekendmakingen.nl/kst-21501-02-1554
2015-11-26,28676,,232,https://zoek.officielebekendmakingen.nl/kst-28676-232
2015-11-26,19637,,2080,https://zoek.officielebekendmakingen.nl/kst-19637-2080
2015-11-26,21501,07,1323,https://zoek.officielebekendmakingen.nl/kst-21501-07-1323
2015-11-27,21501,04,177,https://zoek.officielebekendmakingen.nl/kst-21501-04-177
2015-11-27,31016,,89,https://zoek.officielebekendmakingen.nl/kst-31016-89
2015-11-27,33037,,167,https://zoek.officielebekendmakingen.nl/kst-33037-167
2015-11-27,21501,33,569,https://zoek.officielebekendmakingen.nl/kst-21501-33-569
2015-11-27,29544,,671,https://zoek.officielebekendmakingen.nl/kst-29544-671
2015-11-27,26448,,546,https://zoek.officielebekendmakingen.nl/kst-26448-546
2015-11-27,32563,,64,https://zoek.officielebekendmakingen.nl/kst-32563-64
2015-11-27,21501,31,388,https://zoek.officielebekendmakingen.nl/kst-21501-31-388
2015-12-04,25422,,125,https://zoek.officielebekendmakingen.nl/kst-25422-125
2015-12-08,34300,XVIII,46,https://zoek.officielebekendmakingen.nl/kst-34300-XVIII-46
2015-12-08,33625,,192,https://zoek.officielebekendmakingen.nl/kst-33625-192
2015-12-08,31757,,78,https://zoek.officielebekendmakingen.nl/kst-31757-78
2015-12-08,29628,,596,https://zoek.officielebekendmakingen.nl/kst-29628-596
2015-12-08,34242,,10,https://zoek.officielebekendmakingen.nl/kst-34242-10
2015-12-09,21501,33,575,https://zoek.officielebekendmakingen.nl/kst-21501-33-575
2015-12-10,21501,02,1562,https://zoek.officielebekendmakingen.nl/kst-21501-02-1562
2015-12-10,33161,,204,https://zoek.officielebekendmakingen.nl/kst-33161-204
2015-12-10,33783,,22,https://zoek.officielebekendmakingen.nl/kst-33783-22
2015-12-10,20454,,118,https://zoek.officielebekendmakingen.nl/kst-20454-118
2015-12-10,29338,,150,https://zoek.officielebekendmakingen.nl/kst-29338-150
2015-12-10,21501,08,608,https://zoek.officielebekendmakingen.nl/kst-21501-08-608
2015-12-10,21501,32,890,https://zoek.officielebekendmakingen.nl/kst-21501-32-890
2015-12-11,31311,,161,https://zoek.officielebekendmakingen.nl/kst-31311-161
2015-12-11,31066,,254,https://zoek.officielebekendmakingen.nl/kst-31066-254
2015-12-11,32156,,70,https://zoek.officielebekendmakingen.nl/kst-32156-70
2015-12-11,33628,,13,https://zoek.officielebekendmakingen.nl/kst-33628-13
2015-12-22,29279,,294,https://zoek.officielebekendmakingen.nl/kst-29279-294
2015-12-22,28684,,458,https://zoek.officielebekendmakingen.nl/kst-28684-458
2015-12-22,31409,,106,https://zoek.officielebekendmakingen.nl/kst-31409-106
2015-12-22,22112,,2043,https://zoek.officielebekendmakingen.nl/kst-22112-2043
2015-12-22,29521,,308,https://zoek.officielebekendmakingen.nl/kst-29521-308
2015-12-22,30136,,47,https://zoek.officielebekendmakingen.nl/kst-30136-47
2015-12-23,24095,,397,https://zoek.officielebekendmakingen.nl/kst-24095-397
2015-12-23,24587,,631,https://zoek.officielebekendmakingen.nl/kst-24587-631
2015-12-23,32623,,159,https://zoek.officielebekendmakingen.nl/kst-32623-159
2015-12-23,19637,,2112,https://zoek.officielebekendmakingen.nl/kst-19637-2112
2015-12-23,31142,,53,https://zoek.officielebekendmakingen.nl/kst-31142-53
2015-12-23,21501,02,1567,https://zoek.officielebekendmakingen.nl/kst-21501-02-1567
2015-12-23,30950,,83,https://zoek.officielebekendmakingen.nl/kst-30950-83
2015-12-23,21501,28,134,https://zoek.officielebekendmakingen.nl/kst-21501-28-134
2015-12-23,21501,07,1337,https://zoek.officielebekendmakingen.nl/kst-21501-07-1337
2015-12-24,27859,,85,https://zoek.officielebekendmakingen.nl/kst-27859-85
2015-12-24,21501,02,1568,https://zoek.officielebekendmakingen.nl/kst-21501-02-1568
2015-12-24,22112,,2044,https://zoek.officielebekendmakingen.nl/kst-22112-2044
2015-12-24,31524,,272,https://zoek.officielebekendmakingen.nl/kst-31524-272
2015-12-24,25424,,300,https://zoek.officielebekendmakingen.nl/kst-25424-300
2015-12-24,31016,,90,https://zoek.officielebekendmakingen.nl/kst-31016-90
2015-12-24,26643,,382,https://zoek.officielebekendmakingen.nl/kst-26643-382
2015-12-24,29323,,98,https://zoek.officielebekendmakingen.nl/kst-29323-98
2015-12-24,31936,,323,https://zoek.officielebekendmakingen.nl/kst-31936-323
2015-12-29,33625,,193,https://zoek.officielebekendmakingen.nl/kst-33625-193
2015-12-29,27923,,219,https://zoek.officielebekendmakingen.nl/kst-27923-219
2015-12-29,29453,,412,https://zoek.officielebekendmakingen.nl/kst-29453-412
